{
  "meta": {
    "trip_context": "Babymoon trip - third-wave/specialty coffee focus",
    "dates": {
      "Paris": "2026-01-06 to 2026-01-10",
      "Cortina_dAmpezzo": "2026-01-10 to 2026-01-13",
      "Venice": "2026-01-13 to 2026-01-14",
      "Milan": "2026-01-14 to 2026-01-16",
      "Switzerland": "Dates not specified"
    },
    "notes": [
      "Opening hours can change seasonally and around holidays. Use Instagram/Google Maps for day-of confirmation.",
      "Coordinates were only available for a small subset of venues from the captured sources in this session; most entries include null coordinates."
    ],
    "coordinates_status": "partial"
  },
  "destinations": {
    "Paris": {
      "1st": [
        {
          "name": "Télescope",
          "address": "5 Rue Villedo, 75001 Paris, France",
          "neighborhood": "1st arrondissement",
          "coordinates": {
            "lat": null,
            "lng": null
          },
          "hours": {
            "Mon": "11:00-15:00",
            "Tue": "11:00-15:00",
            "Wed": "11:00-15:00",
            "Thu": "11:00-15:00",
            "Fri": "11:00-15:00",
            "Sat": "Closed",
            "Sun": "Closed"
          },
          "specialty": {
            "espresso": true,
            "filter": true,
            "roastery": "multi-roaster"
          },
          "instagram_handle": null,
          "january_closure_notes": "Often operates with short daytime hours; closed weekends per listing. Verify for early-January updates.",
          "source_hints": [
            "Yelp listing (captured in session)"
          ]
        },
        {
          "name": "Motors Coffee",
          "address": "7 Rue des Halles, 75001 Paris, France",
          "neighborhood": "1st arrondissement (Les Halles)",
          "coordinates": {
            "lat": null,
            "lng": null
          },
          "hours": {
            "Mon": "08:30-18:00",
            "Tue": "08:30-18:00",
            "Wed": "08:30-18:00",
            "Thu": "08:30-18:00",
            "Fri": "08:30-18:00",
            "Sat": "Unknown",
            "Sun": "Unknown"
          },
          "specialty": {
            "espresso": true,
            "filter": true,
            "roastery": "unknown"
          },
          "instagram_handle": null,
          "january_closure_notes": "Weekday hours listed; weekend/holiday schedule not captured—check Instagram for any New Year adjustments.",
          "source_hints": [
            "European Coffee Trip profile (captured in session)"
          ]
        },
        {
          "name": "Café Nuances (Danielle Casanova)",
          "address": "25 Rue Danielle Casanova, 75001 Paris, France",
          "neighborhood": "1st arrondissement (Opéra / Tuileries side)",
          "coordinates": {
            "lat": null,
            "lng": null
          },
          "hours": {
            "Mon": "08:30-19:00",
            "Tue": "08:30-19:00",
            "Wed": "08:30-19:00",
            "Thu": "08:30-19:00",
            "Fri": "08:30-19:00",
            "Sat": "Unknown",
            "Sun": "Unknown"
          },
          "specialty": {
            "espresso": true,
            "filter": true,
            "roastery": "unknown"
          },
          "instagram_handle": null,
          "january_closure_notes": "Hours captured for Mon–Fri; verify weekends and holiday hours in January.",
          "source_hints": [
            "European Coffee Trip profile (captured in session)"
          ]
        }
      ],
      "2nd": [
        {
          "name": "L'Arbre à Café",
          "address": "10 Rue du Nil, 75002 Paris, France",
          "neighborhood": "2nd arrondissement (Montorgueil / Sentier)",
          "coordinates": {
            "lat": null,
            "lng": null
          },
          "hours": {
            "Mon": "11:30-16:00",
            "Tue": "08:30-17:00",
            "Wed": "08:30-17:00",
            "Thu": "08:30-17:00",
            "Fri": "08:30-17:00",
            "Sat": "11:30-16:00",
            "Sun": "Closed"
          },
          "specialty": {
            "espresso": true,
            "filter": true,
            "roastery": "roaster-owned"
          },
          "instagram_handle": null,
          "january_closure_notes": "Closed Sundays per listing; expect reduced hours around New Year—confirm before visiting.",
          "source_hints": [
            "European Coffee Trip profile (captured in session)"
          ]
        },
        {
          "name": "Substance Café",
          "address": "30 Rue Dussoubs, 75002 Paris, France",
          "neighborhood": "2nd arrondissement (Montorgueil / Bourse area)",
          "coordinates": {
            "lat": null,
            "lng": null
          },
          "hours": {
            "Mon": "08:30-17:00",
            "Tue": "08:30-17:00",
            "Wed": "08:30-17:00",
            "Thu": "08:30-17:00",
            "Fri": "08:30-17:00",
            "Sat": "10:00-18:00",
            "Sun": "10:00-18:00"
          },
          "specialty": {
            "espresso": true,
            "filter": true,
            "roastery": "multi-roaster"
          },
          "instagram_handle": null,
          "january_closure_notes": "Generally open weekends per listing; watch for early-January holiday hours.",
          "source_hints": [
            "European Coffee Trip profile (captured in session)"
          ]
        }
      ],
      "3rd": [
        {
          "name": "Boot Café",
          "address": "19 Rue du Pont aux Choux, 75003 Paris, France",
          "neighborhood": "3rd arrondissement (Le Marais)",
          "coordinates": {
            "lat": null,
            "lng": null
          },
          "hours": {
            "Mon": "09:00-16:30",
            "Tue": "09:00-16:30",
            "Wed": "09:00-16:30",
            "Thu": "10:00-16:30",
            "Fri": "10:00-17:30",
            "Sat": "10:00-17:30",
            "Sun": "10:00-17:00"
          },
          "specialty": {
            "espresso": true,
            "filter": true,
            "roastery": "multi-roaster"
          },
          "instagram_handle": null,
          "january_closure_notes": "Smaller shop—expect occasional early closes in winter; check Instagram for any January announcements.",
          "source_hints": [
            "European Coffee Trip profile (captured in session)"
          ]
        },
        {
          "name": "Tanat - Boutique",
          "address": "96 Rue des Archives, 75003 Paris, France",
          "neighborhood": "3rd arrondissement (Le Marais)",
          "coordinates": {
            "lat": null,
            "lng": null
          },
          "hours": {
            "Mon": "08:30-19:00",
            "Tue": "08:30-19:00",
            "Wed": "08:30-19:00",
            "Thu": "08:30-19:00",
            "Fri": "08:30-19:00",
            "Sat": "09:00-19:00",
            "Sun": "09:00-19:00"
          },
          "specialty": {
            "espresso": true,
            "filter": true,
            "roastery": "roaster-owned"
          },
          "instagram_handle": null,
          "january_closure_notes": "Open daily per listing; check for potential reduced hours around early-January public holidays.",
          "source_hints": [
            "European Coffee Trip profile (captured in session)"
          ]
        }
      ],
      "4th": [
        {
          "name": "Terres de Café (Blancs Manteaux)",
          "address": "36 Rue des Blancs Manteaux, 75004 Paris, France",
          "neighborhood": "4th arrondissement (Le Marais)",
          "coordinates": {
            "lat": null,
            "lng": null
          },
          "hours": {
            "note": "Hours not captured in this session—confirm on Instagram/Google Maps before visiting."
          },
          "specialty": {
            "espresso": true,
            "filter": true,
            "roastery": "roaster-owned"
          },
          "instagram_handle": null,
          "january_closure_notes": "Hours not captured in this session—confirm before visiting (Terres de Café sometimes posts holiday hours).",
          "source_hints": [
            "European Coffee Trip profile (captured in session)"
          ]
        }
      ],
      "5th": [],
      "6th": [
        {
          "name": "Terres de Café (Bourbon-le-Château)",
          "address": "4 Rue de Bourbon-le-Château, 75006 Paris, France",
          "neighborhood": "6th arrondissement (Saint-Germain-des-Prés)",
          "coordinates": {
            "lat": null,
            "lng": null
          },
          "hours": {
            "note": "Hours not captured in this session—confirm on Instagram/Google Maps before visiting."
          },
          "specialty": {
            "espresso": true,
            "filter": true,
            "roastery": "roaster-owned"
          },
          "instagram_handle": null,
          "january_closure_notes": "Hours not captured in this session—verify for early January (post-holiday reopening times can vary).",
          "source_hints": [
            "European Coffee Trip profile (captured in session)"
          ]
        },
        {
          "name": "U.Graine",
          "address": "5 Rue Littré, 75006 Paris, France",
          "neighborhood": "6th arrondissement (Montparnasse edge)",
          "coordinates": {
            "lat": null,
            "lng": null
          },
          "hours": {
            "note": "Hours not captured in this session—confirm on Instagram/Google Maps before visiting."
          },
          "specialty": {
            "espresso": true,
            "filter": true,
            "roastery": "multi-roaster"
          },
          "instagram_handle": null,
          "january_closure_notes": "Hours not captured in this session—confirm before visiting; winter weekdays may be best.",
          "source_hints": [
            "European Coffee Trip profile (captured in session)"
          ]
        },
        {
          "name": "Benchy",
          "address": "50 Rue du Cherche-Midi, 75006 Paris, France",
          "neighborhood": "6th arrondissement (Cherche-Midi)",
          "coordinates": {
            "lat": null,
            "lng": null
          },
          "hours": {
            "note": "Hours not captured in this session—confirm on Instagram/Google Maps before visiting."
          },
          "specialty": {
            "espresso": true,
            "filter": true,
            "roastery": "unknown"
          },
          "instagram_handle": null,
          "january_closure_notes": "Hours not captured in this session—check Instagram for January schedule.",
          "source_hints": [
            "European Coffee Trip profile (captured in session)"
          ]
        }
      ],
      "7th": [
        {
          "name": "Coutume Café",
          "address": "47 Rue de Babylone, 75007 Paris, France",
          "neighborhood": "7th arrondissement (Sèvres-Babylone)",
          "coordinates": {
            "lat": null,
            "lng": null
          },
          "hours": {
            "note": "Hours not captured in this session—confirm on Instagram/Google Maps before visiting."
          },
          "specialty": {
            "espresso": true,
            "filter": true,
            "roastery": "roaster-owned"
          },
          "instagram_handle": null,
          "january_closure_notes": "Hours not captured in this session—confirm; some Paris cafés run reduced winter hours.",
          "source_hints": [
            "European Coffee Trip profile (captured in session)"
          ]
        },
        {
          "name": "Terres de Café (La Bourdonnais)",
          "address": "67 Avenue de la Bourdonnais, 75007 Paris, France",
          "neighborhood": "7th arrondissement (Eiffel Tower area)",
          "coordinates": {
            "lat": null,
            "lng": null
          },
          "hours": {
            "note": "Hours not captured in this session—confirm on Instagram/Google Maps before visiting."
          },
          "specialty": {
            "espresso": true,
            "filter": true,
            "roastery": "roaster-owned"
          },
          "instagram_handle": null,
          "january_closure_notes": "Hours not captured in this session—verify; tourist area can mean stable daily hours.",
          "source_hints": [
            "European Coffee Trip profile (captured in session)"
          ]
        },
        {
          "name": "Noir - Coffeeshop \u0026 Torréfacteur",
          "address": "9 Rue de Luynes, 75007 Paris, France",
          "neighborhood": "7th arrondissement (Rue du Bac area)",
          "coordinates": {
            "lat": null,
            "lng": null
          },
          "hours": {
            "note": "Hours not captured in this session—confirm on Instagram/Google Maps before visiting."
          },
          "specialty": {
            "espresso": true,
            "filter": true,
            "roastery": "in-house"
          },
          "instagram_handle": null,
          "january_closure_notes": "Roaster-led shop; verify January opening days and any post-holiday closures.",
          "source_hints": [
            "European Coffee Trip profile (captured in session)"
          ]
        }
      ],
      "8th": [
        {
          "name": "Café Nuances (Madeleine)",
          "address": "5 Rue de l'Arcade, 75008 Paris, France",
          "neighborhood": "8th arrondissement (Madeleine)",
          "coordinates": {
            "lat": null,
            "lng": null
          },
          "hours": {
            "note": "Hours not captured in this session—confirm on Instagram/Google Maps before visiting."
          },
          "specialty": {
            "espresso": true,
            "filter": true,
            "roastery": "unknown"
          },
          "instagram_handle": null,
          "january_closure_notes": "Hours not captured in this session—confirm especially if visiting on Sunday.",
          "source_hints": [
            "European Coffee Trip profile (captured in session)"
          ]
        }
      ],
      "9th": [
        {
          "name": "KB CaféShop (Trudaine / Pigalle)",
          "address": "53 Avenue Trudaine, 75009 Paris, France",
          "neighborhood": "9th arrondissement (South Pigalle)",
          "coordinates": {
            "lat": null,
            "lng": null
          },
          "hours": {
            "note": "Hours not captured in this session—confirm on Instagram/Google Maps before visiting."
          },
          "specialty": {
            "espresso": true,
            "filter": true,
            "roastery": "roaster-owned"
          },
          "instagram_handle": null,
          "january_closure_notes": "Hours not captured in this session—verify; many Paris specialty cafés close one weekday (often Monday).",
          "source_hints": [
            "European Coffee Trip profile (captured in session)"
          ]
        },
        {
          "name": "Café Nuances (Galeries Lafayette)",
          "address": "35 Boulevard Haussmann, 75009 Paris, France",
          "neighborhood": "9th arrondissement (Opéra / Grands Magasins)",
          "coordinates": {
            "lat": null,
            "lng": null
          },
          "hours": {
            "note": "Hours not captured in this session—confirm on Instagram/Google Maps before visiting."
          },
          "specialty": {
            "espresso": true,
            "filter": true,
            "roastery": "unknown"
          },
          "instagram_handle": null,
          "january_closure_notes": "Department store location—expect holiday-related schedule shifts; verify day-of.",
          "source_hints": [
            "European Coffee Trip profile (captured in session)"
          ]
        }
      ],
      "10th": [
        {
          "name": "Ten Belles",
          "address": "10 Rue de la Grange aux Belles, 75010 Paris, France",
          "neighborhood": "10th arrondissement (Canal Saint-Martin / Grange-aux-Belles)",
          "coordinates": {
            "lat": null,
            "lng": null
          },
          "hours": {
            "Mon": "08:30-17:30",
            "Tue": "08:30-17:30",
            "Wed": "08:30-17:30",
            "Thu": "10:00-17:30",
            "Fri": "08:30-17:30",
            "Sat": "09:00-17:30",
            "Sun": "09:00-17:30"
          },
          "specialty": {
            "espresso": true,
            "filter": true,
            "roastery": "multi-roaster"
          },
          "instagram_handle": null,
          "january_closure_notes": "Good winter-friendly daytime hours; check for any early-January staffing/holiday changes.",
          "source_hints": [
            "European Coffee Trip profile (captured in session)"
          ]
        }
      ],
      "11th": [
        {
          "name": "Nilo",
          "address": "73 Avenue Parmentier, 75011 Paris, France",
          "neighborhood": "11th arrondissement (Parmentier / Oberkampf area)",
          "coordinates": {
            "lat": null,
            "lng": null
          },
          "hours": {
            "Mon": "Closed",
            "Tue": "08:00-18:00",
            "Wed": "08:00-18:00",
            "Thu": "08:00-18:00",
            "Fri": "08:00-18:00",
            "Sat": "09:00-18:00",
            "Sun": "09:00-18:00"
          },
          "specialty": {
            "espresso": true,
            "filter": true,
            "roastery": "multi-roaster"
          },
          "instagram_handle": null,
          "january_closure_notes": "Closed Mondays per listing; plan visits Tue–Sun and check for holiday exceptions.",
          "source_hints": [
            "European Coffee Trip profile (captured in session)"
          ]
        },
        {
          "name": "Kott Cafe",
          "address": "19 Rue Ternaux, 75011 Paris, France",
          "neighborhood": "11th arrondissement (Oberkampf / Voltaire area)",
          "coordinates": {
            "lat": null,
            "lng": null
          },
          "hours": {
            "Mon": "08:30-16:30",
            "Tue": "08:30-16:30",
            "Wed": "08:30-16:30",
            "Thu": "08:30-16:30",
            "Fri": "08:30-16:30",
            "Sat": "Closed",
            "Sun": "Closed"
          },
          "specialty": {
            "espresso": true,
            "filter": true,
            "roastery": "multi-roaster"
          },
          "instagram_handle": null,
          "january_closure_notes": "Weekday-focused café; closed weekends per listing—ideal for a weekday coffee walk.",
          "source_hints": [
            "European Coffee Trip profile (captured in session)"
          ]
        }
      ],
      "12th": [],
      "13th": [],
      "14th": [],
      "15th": [],
      "16th": [
        {
          "name": "Coutume x La Grande Épicerie de Paris (Passy)",
          "address": "78 Rue de Passy, 75016 Paris, France",
          "neighborhood": "16th arrondissement (Passy)",
          "coordinates": {
            "lat": null,
            "lng": null
          },
          "hours": {
            "note": "Hours not captured in this session—confirm on Instagram/Google Maps before visiting."
          },
          "specialty": {
            "espresso": true,
            "filter": true,
            "roastery": "roaster-owned"
          },
          "instagram_handle": null,
          "january_closure_notes": "Department-store counter; verify hours for early January (can differ from standalone cafés).",
          "source_hints": [
            "European Coffee Trip profile (captured in session)"
          ]
        }
      ],
      "17th": [],
      "18th": [
        {
          "name": "Cafe Lomi",
          "address": "3 ter Rue Marcadet, 75018 Paris, France",
          "neighborhood": "18th arrondissement (Jules Joffrin / Marcadet)",
          "coordinates": {
            "lat": null,
            "lng": null
          },
          "hours": {
            "Mon": "08:00-17:00",
            "Tue": "08:00-17:00",
            "Wed": "08:00-17:00",
            "Thu": "08:00-17:00",
            "Fri": "08:00-17:00",
            "Sat": "09:30-18:00",
            "Sun": "Closed"
          },
          "specialty": {
            "espresso": true,
            "filter": true,
            "roastery": "roaster-owned"
          },
          "instagram_handle": null,
          "january_closure_notes": "Closed Sundays per listing; likely a strong pick for beans + espresso on Sat/weekday.",
          "source_hints": [
            "European Coffee Trip profile (captured in session)"
          ]
        }
      ],
      "19th": [],
      "20th": []
    },
    "Switzerland": {
      "Zurich": {
        "Seefeld (Kreis 8)": [
          {
            "name": "MAME (Seefeld)",
            "address": "Seefeldstrasse 19, 8008 Zürich, Switzerland",
            "neighborhood": "Seefeld (Kreis 8)",
            "coordinates": {
              "lat": null,
              "lng": null
            },
            "hours": {
              "Mon": "07:30-17:00",
              "Tue": "07:30-17:00",
              "Wed": "07:30-17:00",
              "Thu": "07:30-17:00",
              "Fri": "07:30-17:00",
              "Sat": "08:30-18:00",
              "Sun": "08:30-18:00"
            },
            "specialty": {
              "espresso": true,
              "filter": true,
              "roastery": "roaster-owned"
            },
            "instagram_handle": "@mamespecialtycoffee",
            "january_closure_notes": "Winter hours listed; Swiss public holidays (Jan 1, and sometimes Jan 2) may mean reduced hours—check Instagram for holiday posts.",
            "source_hints": [
              "European Coffee Trip profile (captured in session)",
              "The Coffeevine review (captured in session)"
            ]
          }
        ],
        "Europaallee / Langstrasse (Kreis 4)": [
          {
            "name": "Bean Bank Coffee \u0026 Co",
            "address": "Lagerstrasse 18c, 8004 Zürich, Switzerland",
            "neighborhood": "Europaallee / Langstrasse (Kreis 4)",
            "coordinates": {
              "lat": null,
              "lng": null
            },
            "hours": {
              "Mon": "07:30-17:30",
              "Tue": "07:30-17:30",
              "Wed": "07:30-17:30",
              "Thu": "07:30-17:30",
              "Fri": "07:30-17:30",
              "Sat": "10:00-17:00",
              "Sun": "10:00-16:00"
            },
            "specialty": {
              "espresso": true,
              "filter": true,
              "roastery": "roaster-owned"
            },
            "instagram_handle": null,
            "january_closure_notes": "Sunday hours vary across sources; assume reduced/closed on some Swiss holidays—confirm before visiting.",
            "source_hints": [
              "European Coffee Trip profile (captured in session)"
            ]
          }
        ]
      },
      "Geneva": {
        "Plainpalais / Voisins (1205)": [
          {
            "name": "MAME (Geneva)",
            "address": "Rue des Voisins 8, 1205 Genève, Switzerland",
            "neighborhood": "Plainpalais / Voisins",
            "coordinates": {
              "lat": null,
              "lng": null
            },
            "hours": {
              "Mon": "08:00-17:00",
              "Tue": "08:00-17:00",
              "Wed": "08:00-17:00",
              "Thu": "08:00-17:00",
              "Fri": "08:00-17:00",
              "Sat": "09:00-17:00",
              "Sun": "09:00-17:00"
            },
            "specialty": {
              "espresso": true,
              "filter": true,
              "roastery": "roaster-owned"
            },
            "instagram_handle": "@mamespecialtycoffee",
            "january_closure_notes": "Good daily coverage; watch for Swiss holiday adjustments early January.",
            "source_hints": [
              "European Coffee Trip profile (captured in session)"
            ]
          }
        ],
        "Eaux-Vives (1207)": [
          {
            "name": "Corde Coffee (31 Décembre)",
            "address": "Rue du 31 Décembre 32, 1207 Genève, Switzerland",
            "neighborhood": "Eaux-Vives",
            "coordinates": {
              "lat": null,
              "lng": null
            },
            "hours": {
              "Mon": "07:30-18:00",
              "Tue": "07:30-18:00",
              "Wed": "07:30-18:00",
              "Thu": "07:30-18:00",
              "Fri": "07:30-18:00",
              "Sat": "09:30-17:00",
              "Sun": "09:30-17:00"
            },
            "specialty": {
              "espresso": true,
              "filter": true,
              "roastery": "multi-roaster"
            },
            "instagram_handle": null,
            "january_closure_notes": "Open weekends per listing; verify holiday hours around New Year.",
            "source_hints": [
              "European Coffee Trip profile (captured in session)"
            ]
          }
        ]
      },
      "Lausanne": {
        "Gare / Centre (1003)": [
          {
            "name": "Sleepy Bear Coffee Shop",
            "address": "Rue du Petit-Chêne 8, 1003 Lausanne, Switzerland",
            "neighborhood": "Gare / Centre",
            "coordinates": {
              "lat": null,
              "lng": null
            },
            "hours": {
              "Mon": "08:00-19:00",
              "Tue": "08:00-19:00",
              "Wed": "08:00-19:00",
              "Thu": "08:00-19:00",
              "Fri": "08:00-19:00",
              "Sat": "09:00-19:00",
              "Sun": "09:00-18:00"
            },
            "specialty": {
              "espresso": true,
              "filter": true,
              "roastery": "unknown"
            },
            "instagram_handle": null,
            "january_closure_notes": "Open daily per listing; January 1/2 can affect hours in Switzerland—confirm if traveling right after New Year.",
            "source_hints": [
              "European Coffee Trip profile (captured in session)"
            ]
          }
        ],
        "Bel-Air / Centre-ville (1003)": [
          {
            "name": "Bel-Air Coffee",
            "address": "Place Bel-Air 1, 1003 Lausanne, Switzerland",
            "neighborhood": "Bel-Air / Centre-ville",
            "coordinates": {
              "lat": null,
              "lng": null
            },
            "hours": {
              "Mon": "07:00-18:00",
              "Tue": "07:00-18:00",
              "Wed": "07:00-18:00",
              "Thu": "07:00-18:00",
              "Fri": "07:00-18:00",
              "Sat": "08:00-18:00",
              "Sun": "09:00-17:00"
            },
            "specialty": {
              "espresso": true,
              "filter": true,
              "roastery": "unknown"
            },
            "instagram_handle": null,
            "january_closure_notes": "Central location; verify if any winter/holiday closures are posted.",
            "source_hints": [
              "European Coffee Trip profile (captured in session)"
            ]
          }
        ]
      },
      "Bern": {
        "Innenstadt / Bahnhof (3011)": [
          {
            "name": "Friend or Foe",
            "address": "Schwanengasse 4, 3011 Bern, Switzerland",
            "neighborhood": "Innenstadt / Bahnhof",
            "coordinates": {
              "lat": null,
              "lng": null
            },
            "hours": {
              "Mon": "07:30-18:00",
              "Tue": "07:30-18:00",
              "Wed": "07:30-18:00",
              "Thu": "07:30-18:00",
              "Fri": "07:30-18:00",
              "Sat": "09:00-17:00",
              "Sun": "Closed"
            },
            "specialty": {
              "espresso": true,
              "filter": true,
              "roastery": "unknown"
            },
            "instagram_handle": null,
            "january_closure_notes": "Closed Sundays; expect Swiss holiday impacts early January—confirm before visiting.",
            "source_hints": [
              "European Coffee Trip profile (captured in session)"
            ]
          }
        ]
      },
      "Basel": {
        "Kleinbasel (Clara / Messe, 4058)": [
          {
            "name": "Bru Coffee Bar",
            "address": "Klarastrasse 4, 4058 Basel, Switzerland",
            "neighborhood": "Kleinbasel (Clara)",
            "coordinates": {
              "lat": null,
              "lng": null
            },
            "hours": {
              "Mon": "07:00-17:00",
              "Tue": "07:00-17:00",
              "Wed": "07:00-17:00",
              "Thu": "07:00-17:00",
              "Fri": "07:00-17:00",
              "Sat": "09:00-17:00",
              "Sun": "09:00-17:00"
            },
            "specialty": {
              "espresso": true,
              "filter": true,
              "roastery": "unknown"
            },
            "instagram_handle": null,
            "january_closure_notes": "Open weekends per listing; check for any Basel holiday closures in early January.",
            "source_hints": [
              "European Coffee Trip profile (captured in session)"
            ]
          }
        ],
        "St. Johann (Grossbasel, 4056)": [
          {
            "name": "Daniska",
            "address": "St. Johanns-Vorstadt 24, 4056 Basel, Switzerland",
            "neighborhood": "St. Johann",
            "coordinates": {
              "lat": null,
              "lng": null
            },
            "hours": {
              "Mon": "07:00-17:00",
              "Tue": "07:00-17:00",
              "Wed": "07:00-17:00",
              "Thu": "07:00-17:00",
              "Fri": "07:00-17:00",
              "Sat": "08:00-17:00",
              "Sun": "08:00-17:00"
            },
            "specialty": {
              "espresso": true,
              "filter": true,
              "roastery": "unknown"
            },
            "instagram_handle": null,
            "january_closure_notes": "Open daily per listing; verify holiday hours around New Year.",
            "source_hints": [
              "European Coffee Trip profile (captured in session)"
            ]
          }
        ]
      },
      "Lucerne": {
        "Baselstrasse / Bruch (6003)": [
          {
            "name": "Cafe Tacuba",
            "address": "Baselstrasse 31, 6003 Luzern, Switzerland",
            "neighborhood": "Baselstrasse / Bruch",
            "coordinates": {
              "lat": null,
              "lng": null
            },
            "hours": {
              "Mon": "08:00-17:00",
              "Tue": "08:00-17:00",
              "Wed": "08:00-17:00",
              "Thu": "08:00-17:00",
              "Fri": "08:00-17:00",
              "Sat": "09:00-17:00",
              "Sun": "Closed"
            },
            "specialty": {
              "espresso": true,
              "filter": true,
              "roastery": "unknown"
            },
            "instagram_handle": null,
            "january_closure_notes": "Closed Sundays; Lucerne canton observes some early-January holidays (e.g., Epiphany in some years)—double-check hours if visiting around Jan 6.",
            "source_hints": [
              "European Coffee Trip profile (captured in session)"
            ]
          }
        ],
        "Old Town / Kaserne (6003)": [
          {
            "name": "Four Hundred",
            "address": "Kasernenplatz 1, 6003 Luzern, Switzerland",
            "neighborhood": "Old Town / Kaserne",
            "coordinates": {
              "lat": null,
              "lng": null
            },
            "hours": {
              "Mon": "08:00-17:00",
              "Tue": "08:00-17:00",
              "Wed": "08:00-17:00",
              "Thu": "08:00-17:00",
              "Fri": "08:00-17:00",
              "Sat": "09:00-17:00",
              "Sun": "Closed"
            },
            "specialty": {
              "espresso": true,
              "filter": true,
              "roastery": "unknown"
            },
            "instagram_handle": null,
            "january_closure_notes": "Closed Sundays; confirm for any early-January holiday schedule changes.",
            "source_hints": [
              "European Coffee Trip profile (captured in session)"
            ]
          }
        ]
      }
    },
    "Cortina_dAmpezzo": {
      "Centro": [],
      "notes": [
        "No clearly verified 'third-wave/specialty' cafés in Cortina d'Ampezzo were captured in the sources available in this session.",
        "In ski towns, specialty coffee is often found inside select hotels/restaurants rather than standalone roaster-led cafés—consider checking current local options on Google Maps using keywords like 'specialty coffee', 'V60', 'filter coffee', 'coffee roasters'."
      ]
    },
    "Venice": {
      "Cannaregio": [
        {
          "name": "Farini (Apostoli)",
          "address": "Campo San Canciano 5301, Sestiere Cannaregio, 30121 Venezia VE, Italy",
          "neighborhood": "Cannaregio (Apostoli / Strada Nova area)",
          "coordinates": {
            "lat": null,
            "lng": null
          },
          "hours": {
            "Daily": "08:30-22:00"
          },
          "specialty": {
            "espresso": true,
            "filter": true,
            "roastery": "unknown"
          },
          "instagram_handle": null,
          "january_closure_notes": "Good Cannaregio base; verify any winter off-days.",
          "source_hints": [
            "Farini Venice locations page (captured in session)"
          ]
        },
        {
          "name": "1000 Coffee \u0026 Bakery",
          "address": "Rio Terà de la Maddalena, Cannaregio 2105, Campo della Maddalena, 30121 Venezia VE, Italy",
          "neighborhood": "Cannaregio (Campo della Maddalena)",
          "coordinates": {
            "lat": null,
            "lng": null
          },
          "hours": {
            "Daily": "08:00-22:00"
          },
          "specialty": {
            "espresso": true,
            "filter": true,
            "roastery": "unknown"
          },
          "instagram_handle": "@1000coffee_bakery",
          "january_closure_notes": "Modern bakery/café concept; hours vary by listing (some show earlier opening). Check Instagram for current winter schedule.",
          "source_hints": [
            "HappyCow/Wheree/Instagram snippets captured in session"
          ]
        }
      ],
      "Castello": [
        {
          "name": "Farini (San Lio)",
          "address": "Campo San Lio 5576, Sestiere Castello, 30122 Venezia VE, Italy",
          "neighborhood": "Castello (San Lio)",
          "coordinates": {
            "lat": null,
            "lng": null
          },
          "hours": {
            "Daily": "10:00-00:00"
          },
          "specialty": {
            "espresso": true,
            "filter": true,
            "roastery": "unknown"
          },
          "instagram_handle": null,
          "january_closure_notes": "Open until midnight per listing; confirm January hours (some shops shorten in winter).",
          "source_hints": [
            "Farini Venice locations page (captured in session)"
          ]
        }
      ],
      "Dorsoduro": [],
      "San Marco": [
        {
          "name": "Farini (Carlon)",
          "address": "Calle dello Spezier 6399, Sestiere San Marco, 30124 Venezia VE, Italy",
          "neighborhood": "San Marco (Spezier / Rialto-San Marco corridor)",
          "coordinates": {
            "lat": null,
            "lng": null
          },
          "hours": {
            "Daily": "08:30-22:30"
          },
          "specialty": {
            "espresso": true,
            "filter": true,
            "roastery": "unknown"
          },
          "instagram_handle": null,
          "january_closure_notes": "Late closing; verify if any mid-week winter hours adjustments are posted.",
          "source_hints": [
            "Farini Venice locations page (captured in session)"
          ]
        },
        {
          "name": "Farini (Aliani)",
          "address": "Campo San Luca 4654, Sestiere San Marco, 30124 Venezia VE, Italy",
          "neighborhood": "San Marco (Campo San Luca)",
          "coordinates": {
            "lat": null,
            "lng": null
          },
          "hours": {
            "Daily": "09:00-00:00"
          },
          "specialty": {
            "espresso": true,
            "filter": true,
            "roastery": "unknown"
          },
          "instagram_handle": null,
          "january_closure_notes": "Open until midnight per listing; winter hours can change—confirm day-of.",
          "source_hints": [
            "Farini Venice locations page (captured in session)"
          ]
        }
      ],
      "San Polo": [],
      "Santa Croce": []
    },
    "Milan": {
      "Porta Venezia": [
        {
          "name": "ORSONERO COFFEE",
          "address": "Via Broggi 15, 20129 Milano MI, Italy",
          "neighborhood": "Porta Venezia",
          "coordinates": {
            "lat": null,
            "lng": null
          },
          "hours": {
            "Mon": "Closed",
            "Tue": "08:00-17:00",
            "Wed": "08:00-17:00",
            "Thu": "08:00-17:00",
            "Fri": "08:00-17:00",
            "Sat": "09:00-17:00",
            "Sun": "09:00-13:00"
          },
          "specialty": {
            "espresso": true,
            "filter": true,
            "roastery": "unknown"
          },
          "instagram_handle": null,
          "january_closure_notes": "Closed Mondays per listing; plan Tue–Sun. Winter hours generally stable—verify for any post-holiday changes.",
          "source_hints": [
            "European Coffee Trip profile (captured in session)"
          ]
        },
        {
          "name": "Loste Cafe",
          "address": "Via Francesco Guicciardini 3, 20129 Milano MI, Italy",
          "neighborhood": "Porta Venezia",
          "coordinates": {
            "lat": null,
            "lng": null
          },
          "hours": {
            "Mon": "08:00-15:00",
            "Tue": "08:00-15:00",
            "Wed": "08:00-15:00",
            "Thu": "08:00-15:00",
            "Fri": "08:00-15:00",
            "Sat": "08:00-15:00",
            "Sun": "08:00-15:00"
          },
          "specialty": {
            "espresso": true,
            "filter": true,
            "roastery": "unknown"
          },
          "instagram_handle": null,
          "january_closure_notes": "Daily morning-to-lunch hours; great for earlier coffee breaks.",
          "source_hints": [
            "European Coffee Trip profile (captured in session)"
          ]
        },
        {
          "name": "Serra di quartiere",
          "address": "Via Melzo 3, 20129 Milano MI, Italy",
          "neighborhood": "Porta Venezia",
          "coordinates": {
            "lat": null,
            "lng": null
          },
          "hours": {
            "Mon": "08:00-15:00",
            "Tue": "08:00-15:00",
            "Wed": "08:00-15:00",
            "Thu": "08:00-15:00",
            "Fri": "08:00-15:00",
            "Sat": "08:30-15:00",
            "Sun": "Closed"
          },
          "specialty": {
            "espresso": true,
            "filter": true,
            "roastery": "unknown"
          },
          "instagram_handle": null,
          "january_closure_notes": "Closed Sundays; morning-to-lunch profile suits breakfast + coffee.",
          "source_hints": [
            "European Coffee Trip profile (captured in session)"
          ]
        }
      ],
      "Centro Storico / Sant'Ambrogio": [
        {
          "name": "NOWHERE - FUTURE COFFEE ROASTERS",
          "address": "Via Vetere 14, 20123 Milano MI, Italy",
          "neighborhood": "Centro Storico / Sant'Ambrogio",
          "coordinates": {
            "lat": null,
            "lng": null
          },
          "hours": {
            "Mon": "Closed",
            "Tue": "08:30-16:00",
            "Wed": "08:30-16:00",
            "Thu": "08:30-16:00",
            "Fri": "08:30-16:00",
            "Sat": "09:00-16:00",
            "Sun": "09:00-16:00"
          },
          "specialty": {
            "espresso": true,
            "filter": true,
            "roastery": "in-house"
          },
          "instagram_handle": null,
          "january_closure_notes": "Closed Mondays; strong third-wave roaster-led option. Check for any January roasting/training closures.",
          "source_hints": [
            "European Coffee Trip profile (captured in session)"
          ]
        }
      ],
      "Navigli (Porta Genova)": [
        {
          "name": "Bugan Coffee Lab",
          "address": "Via Vigevano 15, 20144 Milano MI, Italy",
          "neighborhood": "Navigli (Porta Genova)",
          "coordinates": {
            "lat": null,
            "lng": null
          },
          "hours": {
            "Mon": "08:00-18:00",
            "Tue": "08:00-18:00",
            "Wed": "08:00-18:00",
            "Thu": "08:00-18:00",
            "Fri": "08:00-18:00",
            "Sat": "08:00-18:00",
            "Sun": "08:00-18:00"
          },
          "specialty": {
            "espresso": true,
            "filter": true,
            "roastery": "in-house"
          },
          "instagram_handle": null,
          "january_closure_notes": "Open daily per listing; roastery + research/education focus makes it a core stop for coffee nerds.",
          "source_hints": [
            "European Coffee Trip profile (captured in session)"
          ]
        }
      ],
      "Central Station / Porta Venezia": [
        {
          "name": "Cafezal Specialty Coffee - Porta Venezia",
          "address": "Via San Gregorio 29A, 20124 Milano MI, Italy",
          "neighborhood": "Central Station / Porta Venezia",
          "coordinates": {
            "lat": 45.4796231,
            "lng": 9.2040814
          },
          "hours": {
            "Mon": "08:00-17:00",
            "Tue": "08:00-17:00",
            "Wed": "08:00-17:00",
            "Thu": "08:00-17:00",
            "Fri": "08:00-17:00",
            "Sat": "09:00-18:00",
            "Sun": "09:00-18:00"
          },
          "specialty": {
            "espresso": true,
            "filter": true,
            "roastery": "unknown"
          },
          "instagram_handle": "@cafezalmilano",
          "january_closure_notes": "Weekend hours available; verify for any winter/holiday modifications.",
          "source_hints": [
            "European Coffee Trip profile + Mapbox static map from ECT (captured in session)",
            "Instagram search snippet (captured in session)"
          ]
        }
      ],
      "Sant'Ambrogio / Ticinese": [
        {
          "name": "Mascherpa the original tiramisù boutique + specialty coffee",
          "address": "Via Edmondo de Amicis 7, 20123 Milano MI, Italy",
          "neighborhood": "Sant'Ambrogio / Ticinese",
          "coordinates": {
            "lat": null,
            "lng": null
          },
          "hours": {
            "Mon": "08:00-22:00",
            "Tue": "08:00-22:00",
            "Wed": "08:00-22:00",
            "Thu": "08:00-22:00",
            "Fri": "08:00-22:00",
            "Sat": "08:00-22:00",
            "Sun": "12:00-21:00"
          },
          "specialty": {
            "espresso": true,
            "filter": true,
            "roastery": "unknown"
          },
          "instagram_handle": null,
          "january_closure_notes": "Long hours most days; good later-afternoon option in winter.",
          "source_hints": [
            "European Coffee Trip profile (captured in session)"
          ]
        }
      ],
      "Porta Romana / Bocconi": [
        {
          "name": "Bgood",
          "address": "Via Antonio Tantardini 8, 20136 Milano MI, Italy",
          "neighborhood": "Porta Romana / Bocconi",
          "coordinates": {
            "lat": null,
            "lng": null
          },
          "hours": {
            "Mon": "08:00-18:00",
            "Tue": "08:00-18:00",
            "Wed": "08:00-18:00",
            "Thu": "08:00-18:00",
            "Fri": "08:00-18:00",
            "Sat": "08:30-15:00",
            "Sun": "08:30-14:30"
          },
          "specialty": {
            "espresso": true,
            "filter": null,
            "roastery": "unknown"
          },
          "instagram_handle": null,
          "january_closure_notes": "Shorter Sunday hours; confirm if you’re doing a Sunday Navigli walk.",
          "source_hints": [
            "European Coffee Trip profile (captured in session)"
          ]
        }
      ],
      "Certosa / Varesina": [
        {
          "name": "June Collective",
          "address": "Via Varesina 162, 20156 Milano MI, Italy",
          "neighborhood": "Certosa / Varesina",
          "coordinates": {
            "lat": null,
            "lng": null
          },
          "hours": {
            "Mon": "09:30-15:00",
            "Tue": "09:30-15:00",
            "Wed": "09:30-15:00",
            "Thu": "09:30-15:00",
            "Fri": "09:30-15:00",
            "Sat": "10:00-15:00",
            "Sun": "10:00-15:00"
          },
          "specialty": {
            "espresso": true,
            "filter": true,
            "roastery": "unknown"
          },
          "instagram_handle": null,
          "january_closure_notes": "Earlier closing time; best as a morning/early-lunch stop.",
          "source_hints": [
            "European Coffee Trip profile (captured in session)"
          ]
        },
        {
          "name": "Loste Cafe (Varesina)",
          "address": "Via Varesina 204, 20156 Milano MI, Italy",
          "neighborhood": "Certosa / Varesina",
          "coordinates": {
            "lat": null,
            "lng": null
          },
          "hours": {
            "Mon": "08:00-15:00",
            "Tue": "08:00-15:00",
            "Wed": "08:00-15:00",
            "Thu": "08:00-15:00",
            "Fri": "08:00-15:00",
            "Sat": "08:00-15:00",
            "Sun": "08:00-15:00"
          },
          "specialty": {
            "espresso": true,
            "filter": null,
            "roastery": "unknown"
          },
          "instagram_handle": null,
          "january_closure_notes": "Daily early hours; consider pairing with a bakery-style breakfast.",
          "source_hints": [
            "European Coffee Trip profile (captured in session)"
          ]
        }
      ]
    }
  }
}